CODE,COUNTRY,GR6096,ABSLATIT,AIRDIST,AVELF,BRIT,BUDDHA,CATH00,CIV72,COLONY,CONFUC,DENS60,DENS65C,DENS65I,DPOP6090,EAST,ECORG,ENGFRAC,EUROPE,FERTLDC1,GDE1,GDPCH60L,GEEREC1,GGCFD3,GOVNOM1,GOVSH61,GVR61,H60,HERF00,HINDU00,IPRICE1,LAAM,LANDAREA,LANDLOCK,LHCPC,LIFE060,LT100CR,MALFAL66,MINING,MUSLIM00,NEWSTATE,OIL,OPENDEC1,ORTH00,OTHFRAC,P60,PI6090,SQPI6090,PRIGHTS,POP1560,POP60,POP6560,PRIEXP70,PROT00,RERD,REVCOUP,SAFRICA,SCOUT,SIZE60,SOCIALIST,SPAIN,TOT1DEC1,TOTIND,TROPICAR,TROPPOP,WARTIME,WARTORN,YRSOPEN,ZTROPICS
UGA,Uganda,0.0137,0.228,6220,0.8357907,1,0,0.038,0,1,0,30.4252,0,40.30553,0.03483751,0,3,0,0,1.932245731,0.003,6.393590754,0.018999999,0.01,0.12,0.19,0.170000001,0,0.834488,0,170.59,0,199650,1,-4.60517,43.2,0,0.86,0,0.02,2,0,0.202,0,0,0.49,35.26621877,1243.706186,5.78,0.466899991,6562,0.0263639,0.996,0.03,155,0.43,1,1,15.18264147,0,0,-0.004167274,0.172413793,1,1,0.28,1,0.16,0.1427699
ECU,Ecuador,0.0154,2.062,4580,0.32535714,0,0,0.877,0.666666687,1,0,62.7328,30.30622,11.7418,0.0294809,0,3,0,0,1.848139763,0.021,7.286876412,0.0155,0.08,0.11,0.17,0.132500001,0.03,0.784258,0,26.54,1,276840,0,4.906961,53.4,0.38,0.2135,0.1,0,0,0,0.4015,0,0.71399999,0.83,15.70970758,246.7949121,3.72,0.448199987,4413,0.0401088,0.983,0,113,0.56,0,1,15.67918642,0,1,0.030228086,0.386206897,1,0.4694,0,0,0.84,0.3890733
DNK,Denmark,0.024,55.718,765,0.0275,0,0,0.004,1,0,0,9.2622,112.1376,0,0.00371441,0,4,0,1,0.767326593,0.028000001,8.818778169,0.0339,0.05,0.18,0.16,0.095099999,0.1,0.984086,0,70.24,0,42430,0,5.172658,72.2,1,0,0.01,0,0,0,0.5835,0,0.005,1,6.936782536,48.11895196,1,0.252400011,4581,0.105872102,0.46,0.992,112,0,0,0,17.24845076,0,0,-0.005370423,0.420689655,0,0,0,0,0.78,0
USA,United States,0.0227,34.36,140,0.20903141,1,0,0.18,1,1,0,50.695,71.91255,14.83697,0.01101123,0,5,0.89,1,0.858237803,0.088,9.199784858,0.0383,0.03,0.21,0.16,0.0317,0.32,0.53531,0,84.59,0,9159120,0,4.825243,69.8,0.26,0,0.02,0,0,0,0.1155,0.007,0.089,1,4.949021976,24.49281852,1,0.310400009,180671,0.092311397,0.298,0.704,90,0,0,0,21.30421783,0,0,-0.019166112,0.075862069,0.0018,0,0.32,1,1,0.0009406
GHA,Ghana,-0.0041,6.694,5190,0.70607077,1,0,0.004,0.166666672,1,0,33.5902,77.20781,24.16616,0.02727602,0,3,0,0,1.902853489,0.017999999,6.795705775,0.026000001,0.02,0.13,0.11,0.065,0,0.821496,0,158.22,0,227540,0,1.633371,45.2,0.19,1,0.02,0.05,2,0,0.3845,0,0,0.38,25.81073027,666.1937971,5.89,0.445899993,6774,0.025391201,0.994,0.042,248,0.55,1,0,15.61655281,0,0,0.029546417,0.310344828,1,0.5747,0,0,0.22,0.9240435
ZAF,South africa,0.0123,29.13,8930,0.83098177,1,0,0.014,0.333333313,1,0,70.1908,30.37214,12.78999,0.02354366,0,3,0.09,0,1.742218971,0.017000001,7.69211334,0.026573999,0.11,0.12,0.16,0.116426,0.03,0.482688,0.01,85.17,0,1221040,0,1.104249,49.2,0.2,0,0.11,0.006,0,0,0.51,0,0,0.89,9.72576489,94.59050271,4.78,0.400900006,17396,0.038629599,0.528,0.388,72,0.04,1,1,17.45610891,0,0,-0.017719675,0.082758621,0.0378,0,0.44,1,0.09,0.002942
TUN,Tunisia,0.0328,36.816,1740,0.0702522,0,0,0.074,0.333333343,1,0,36.8064,51.07906,10.18829,0.02237227,0,4,0,0,1.868874788,0.018999999,7.003974137,0.036899999,0.06,0.18,0.17,0.115100002,0.01,0.773602,0,110.44,0,155360,0,4.074633,48.6,0.47,0,0.08,0.875,2,0,0.5205,0,0.986,0.66,5.493856035,30.18245414,5.61,0.433699995,4221,0.041696299,0.808,0.001,104,0,0,0,15.35180148,0,0,0.043078288,0.379310345,0,0,0,0,0.13,0
ZAR,Zaire,-0.0318,0.569,6420,0.87225288,0,0,0.008,0.166666672,1,0,148.0764,30.75152,7.652775,0.02778447,0,3,0,0,1.796912909,0.024,6.192362489,0.027000001,0.04,0.12,0.2,0.152999999,0,0.960536,0,429.52,0,2267050,0,0.9401177,42.1,0.01,1,0.05,0.006,2,0,0.285,0,0,0.6,35.71159989,1275.318366,6.56,0.440299988,15310,0.029457901,0.932,0.006,201,0.27,1,1,15.82862398,0,0,-0.020479448,0.206896552,1,0.9892,0.04,1,0,0.2060904
FIN,Finland,0.0272,60.212,1640,0.105,0,0,0.017,0.833333313,0,0,68.7562,33.61261,7.619513,0.00421488,0,4,0,1,0.6486727,0.018999999,8.573762543,0.044599999,0.04,0.15,0.13,0.062400002,0.07,0.964614,0,59.9,0,304590,0,-4.60517,68.5,0.29,0,0,0,1,0,0.4775,0.017,0,0.97,7.336706047,53.82725562,1.83,0.304100007,4430,0.072008997,0.333,0.982,126,0,0,0,16.96991741,0,0,0.002455212,0.586206897,0,0,0,0,0.78,0
LKA,Sri Lanka,0.0228,6.868,6850,0.32574693,1,0.689999998,0.081,0.666666687,1,0,6.5355,171.5903,351.3485,0.01905157,0,2,0.01,0,1.488173842,0.01,7.138073034,0.038199998,0.06,0.15,0.24,0.192800002,0.01,0.4167,0.233,124.85,0,64630,0,-4.60517,62.3,0.99,0.038,0.01,0.069,2,0,0.6095,0,0,0.95,7.585757102,57.5437108,2.44,0.420700014,9889,0.036201801,0.986,0.025,51,0.08,0,1,16.33725134,0,0,-0.030010462,0.2,1,0.0471,0.04,1,0.4,0.6367116
SEN,Senegal,-0.0067,14.772,4757,0.77886822,0,0,0.018,0.166666672,1,0,60.411,47.15005,9.656407,0.02780182,0,4,0,0,1.867021561,0.011,6.953684211,0.0187,0.02,0.21,0.28,0.2543,0,0.569848,0,100.48,0,192530,0,-4.60517,39.6,0.59,1,0,0.7,2,0,0.593,0,0.001,0.27,5.909434506,34.92141618,4.33,0.426600009,3187,0.030122399,0.811,0,146,0.04,1,0,15.02051953,0,0,0.035020247,0.234482759,1,0.4321,0,0,0,0.8486041
SLV,El Salvador,0.0081,13.775,3350,0.05142857,0,0,0.98,0.666666687,1,0,8.0623,145.0772,0,0.02234435,0,3,0,0,1.848454833,0.012,7.263329617,0.022399999,0.01,0.12,0.17,0.134600001,0.01,0.9608,0,87.74,1,20720,0,-4.60517,50.8,1,0.00194,0,0,0,0,0.567,0,0.92299998,0.8,9.402941695,88.41531252,3.28,0.451,2570,0.0256809,0.713,0,132,0.56,0,0,15.1149908,0,1,-0.010536052,0.04137931,1,0.012,0.36,1,0.4,0.0472396
AUS,Australia,0.0218,32.219,7800,0.11279711,1,0,0.228,1,1,0,741.0994,6.251487,0.3078257,0.016453,0,5,0.95,1,1.027474284,0.028000001,8.959568654,0.0217,0.09,0.14,0.1,0.051299999,0.13,0.59546,0,68.82,0,7644440,0,5.064194,70.7,0.2,0,0.04,0.003,0,0,0.2955,0.001,0,1,6.707103178,44.98523304,1,0.300900012,10315,0.084633999,0.811,0.737,129,0,0,0,18.20092308,0,0,-0.016126245,0.351724138,0.3857,0.01649,0,0,0.69,0.1602212
PER,Peru,0.0099,11.794,5940,0.43159091,0,0,0.946,0.333333343,1,0,128.8893,28.76789,4.808678,0.02620731,0,3,0,0,1.809271932,0.027000001,7.610357618,0.024499999,0.04,0.12,0.15,0.0935,0.04,0.897726,0,61,1,1280000,0,3.923134,48,0.24,0.00255,0.02,0,0,0,0.3255,0,0.56400001,0.83,60.61483112,3674.157752,3.78,0.433200002,9931,0.034336898,0.985,0.001,83,0.28,0,0,16.81377408,0,1,0.002247281,0.455172414,1,0.5032,0.04,1,0.49,0.4591777
TUR,Turkey,0.0257,41.202,2520,0.16356839,0,0,0.18,0.5,0,0,27.9774,56.84623,30.27788,0.02430635,0,3,0,0,1.670721173,0.050000001,7.391415235,0.026799999,0.09,0.14,0.11,0.0322,0.03,0.631418,0,44.48,0,769630,0,1.636896,50.5,0.39,0,0.02,0.773,1,0,0.156,0.176,0.014,0.75,23.5267086,553.5060173,3.33,0.412,27509,0.035333902,0.911,0.038,99,0.31,0,0,17.61368374,0,0,-0.038899999,0.193103448,0,0,0.08,1,0.13,0
NGA,Nigeria,-0.0021,6.543,4770,0.85670898,1,0,0.002,0.5,1,0,21.5287,132.9795,44.82621,0.03122711,0,4,0,0,1.931231499,0.006,6.340359304,0.0136,0.02,0.06,0.13,0.1094,0,0.60151,0,121.57,0,910770,0,5.209552,39.7,0.13,1,0.21,0.259,2,1,0.2505,0,0.002,0.36,12.52950753,156.9885589,4.89,0.454299986,42305,0.0230706,0.988,0.008,277,0.52,1,1,16.99301987,0,0,0.123214372,0.193103448,1,0.7552,0.12,1,0,0.7899764
MAR,Morocco,0.0312,33.593,2175,0.34797191,0,0,0.005,0.5,1,0,38.3881,51.21938,17.41801,0.02555892,0,3,0,0,1.936292648,0.027000001,6.703188113,0.0305,0.02,0.14,0.12,0.063499999,0,0.930222,0,120.1,0,446300,0,-0.7673298,46.9,0.38,0,0.03,0.964,2,0,0.396,0,0.74000001,0.47,5.809999948,33.7560994,4.17,0.448700011,11626,0.025890199,0.903,0.001,123,0.08,0,0,16.06418736,0,0,0.031845376,0.275862069,0,0,0.44,1,0.44,0
VEN,Venezuela,0.0029,9.843,3530,0.0525,0,0,0.929,0.833333313,1,0,117.5753,29.15127,4.215568,0.03261863,0,3,0,0,1.692491531,0.018999999,8.75431854,0.017999999,0.04,0.08,0.08,0.043000001,0.04,0.867942,0,98.62,1,882050,0,7.863266,59.8,0.56,0.09504,0.11,0,0,1,0.423,0,0.96899998,1,9.988426922,99.76867237,1.22,0.461,7502,0.024393501,0.985,0.001,109,0.32,0,1,17.67724347,0,1,0.111923158,0.35862069,1,0.455,0,0,0.31,0.4942922
IND,India,0.0246,25.274,5860,0.74219749,1,0.01,0.007,0.666666687,1,0,6.7214,238.6484,153.134,0.02211792,0,3,0,0,1.761128426,0.028000001,6.64118217,0.021,0.05,0.09,0.33,0.280999999,0.03,0.684086,0.815,57.24,0,2973190,0,1.827014,42.5,0.25,0.13186,0.02,0.137,2,0,0.095,0.001,0,0.61,7.293533844,53.19563594,2,0.397399992,442344,0.034321699,0.48,0.009,94,0.12,0,0,19.64102531,0,0,-0.019845098,0.248275862,0.5119,0.3929,0.04,1,0.02,0.4592453
PNG,Papua New Guinea,0.0084,6.6,4500,0.80272727,0,0,0.022,0.833333313,1,0,235.8646,4.690946,4.864055,0.02344454,0,5,0.01,0,1.803688049,0.014,7.118826249,0.0233,0.1,0.34,0.43,0.3917,0,0.922408,0,52.5,0,452860,0,5.998264,41,0.69,0.95,0.19,0,2,0,0.691,0,0,0.32,5.193408687,26.97149379,2.31,0.404500008,1920,0.0291667,0.971,0.018,105,0,0,1,14.67890671,0,0,-0.047800001,0.131034483,1,0.3581,0,0,0,0.3453681
THA,Thailand,0.0515,13.77,4620,0.3569488,0,0.949999988,0.003,0.333333343,0,0,19.3578,86.4634,50.05057,0.02566693,1,3,0,0,1.709102273,0.025,6.849066283,0.018100001,0.03,0.12,0.12,0.078899999,0.02,0.82902,0.001,52.81,0,510890,0,2.558825,52.7,0.28,0.57876,0.02,0.015,0,0,0.386,0,0.023,0.83,5.191055142,26.94705349,3.94,0.456099987,26392,0.027470401,0.92,0.002,75,0.44,0,0,17.0298825,0,0,-0.011506937,0.075862069,1,0.6276,0.04,1,1,0.5939589
TTO,Trinidad & Tobago,0.0216,10.418,3600,0.23126984,1,0,0.326,0.666666687,1,0,6.0854,174.6589,0,0.01398711,0,3,0.93,0,1.316944242,0.004,8.635331719,0.020400001,0.07,0.12,0.05,0.023599999,0.01,0.316388,0.252,83.47,1,5130,0,6.792399,63.9,1,0,0.16,0.038,2,0,0.871,0,0.036,0.88,8.567598276,73.40374022,1.56,0.430500001,843,0.039145902,0.869,0.381,96,0.05,0,0,15.37229868,0,0,0.009097189,0.082758621,1,0,0,0,0,0
ARG,Argentina,0.0102,36.676,8570,0.17693182,0,0,0.975,0.666666687,1,0,132.7459,12.4985,7.530861,0.01525467,0,5,0,0,1.133657575,0.021,8.403352375,0.022299999,0.05,0.12,0.13,0.084700001,0.11,0.950852,0,88.21,1,2736690,0,4.518682,65.2,0.2,0,0.02,0.001,0,0,0.1305,0.001,0.83600003,0.98,88.98391649,7918.137394,3.94,0.307799995,20616,0.0554424,0.861,0.007,113,0.96,0,0,18.33717513,0,1,-0.010536052,0.455172414,0.0268,0,0.36,1,0.09,0.0022708
OAN,Taiwan,0.0658,25.259,2130,0.25505626,0,0.310000002,0.001,0.333333343,0,0.310000002,2.9893,391.4445,0,0.02191896,1,3,0,0,1.373715639,0.100000001,7.135687347,0.0142,0.08,0.22,0.22,0.106799998,0.05,0.613066,0,59.21,0,32260,0,-4.60517,65.4,1,0,0.02,0.002,2,0,0.608,0,0.99000001,0.96,5.4087004,29.25404002,5.17,0.453900009,10792,0.024833201,0.163,0.002,116,0.05,0,1,16.42224774,0,0,-0.021001182,0,0.3675,0,0,0,0.71,0
BRA,Brazil,0.0294,19.557,7700,0.05578093,0,0,0.953,0.333333343,1,0,116.4905,36.76809,7.235476,0.02452847,0,3,0,0,1.6146245,0.017000001,7.486613313,0.0041,0.06,0.16,0.14,0.119899999,0.02,0.909588,0,48.22,1,8456510,0,2.844228,54.9,0.21,0.4005,0.02,0.001,0,0,0.1485,0,0.99800003,0.95,72.06442952,5193.282002,3.39,0.435699999,72594,0.028969301,0.858,0.009,97,0.12,0,0,18.67925087,0,0,-0.016507976,0.489655172,0.9308,0.3378,0,0,0.09,0.3340699
HTI,Haiti,-0.0087,18.932,2500,0.06440476,0,0,0.952,0.166666672,1,0,7.2393,150.3266,0,0.01761677,0,3,0,0,1.780192852,0.025,6.828712072,0.0153,0,0.09,0.16,0.1177,0,0.908608,0,100.91,1,27560,0,-4.60517,42.4,1,1,0,0,0,0,0.291,0,0.075,0.46,6.447132118,41.56551255,6.5,0.409299999,3807,0.050433401,0.744,0.048,114,0.16,0,0,15.07330883,0,0,-0.0288,0.15862069,1,0,0.2,1,0,0.2065545
JOR,Jordan,0.014,31.602,3390,0.02971938,1,0,0.038,0.166666672,1,0,52.4661,21.18003,11.40062,0.02837903,0,5,0,0,2.054240704,0.165999994,7.057897937,0.032900002,0.08,0.41,0.21,0.012100004,0.01,0.88917,0,96.95,0,88930,0,3.25743,47.2,0.15,0,0.04,0.942,2,0,0.5545,0.024,1,0.77,6.435387508,41.41421238,5.72,0.444099993,1695,0.040708002,0.838,0.019,116,0.2,0,0,14.49333596,0,0,0.024783626,0.117241379,0,0,0.08,1,0.67,0
LBR,Liberia,-0.0101,6.385,5260,0.80305527,0,0,0,0.166666672,0,0,92.7045,14.02777,10.4754,0.03028683,0,5,0.03,0,1.862683773,0.009,6.575075841,0.0144,0.03,0.16,0.21,0.183600001,0,0.843552,0,100.6,0,96320,0,-4.60517,41.5,0.68,1,0.1,0.02,0,0,0.972,0,0,0.31,4.19,17.5561,5.72,0.422500014,1039,0.0365736,0.973,0.064,169,0.23,1,1,13.52108983,0,0,-0.034967374,0.137931034,1,0.4435,0.04,1,0.01,0.4342088
KOR,Korea,0.0636,37.553,1150,0,0,0.159999996,0.004,0.166666672,0,0.600000024,3.9487,310.6865,111.1199,0.01859395,1,3,0,0,1.454186559,0.050999999,6.80682936,0.0352,0.05,0.14,0.15,0.061800001,0.05,0.679174,0,65.71,0,98730,0,-4.60517,54.2,0.89,0,0.01,0,2,0,0.4195,0,0,0.94,11.37342385,129.35477,4.44,0.419499993,25003,0.033275999,0.234,0.001,110,0.4,0,1,16.93358046,0,0,-0.006744131,0.020689655,0,0,0,0,0.6,0
RWA,Rwanda,9e-04,2.032,6460,0.06086207,0,0,0,0.166666672,1,0,8.9971,0,129.0231,0.03223426,0,1,0,0,2.051813364,0.026000001,6.285998095,0.025599999,0,0.11,0.2,0.1484,0,0.996008,0,172.36,0,24670,1,3.520922,46.5,0,1,0,0.002,2,0,0.285,0,0,0.49,8.726076099,76.14440408,6.33,0.445100009,2742,0.0237053,0.992,0,165,0.14,1,0,14.20244095,0,0,-0.030318633,0.172413793,1,1,0,0,0,0
NOR,Norway,0.0318,59.977,1000,0.06988372,0,0,0.001,1,0,0,85.6828,22.41369,2.763691,0.00548178,0,4,0,1,0.948564231,0.034000002,8.632305999,0.034899998,0.09,0.15,0.13,0.0621,0.07,0.984102,0,79.39,0,306830,0,8.032375,73.4,0.48,0,0.08,0,0,0,0.851,0,0,1,6.589456772,43.42094055,1,0.2588,3581,0.111142099,0.446,0.992,107,0,0,0,16.81570337,0,0,0.007195704,0.668965517,0,0,0,0,0.78,0
MDG,Madagascar,-0.0161,18.958,8940,0.06274864,0,0,0.18,0.666666687,1,0,109.5385,8.653484,12.95668,0.0269856,0,1,0,0,1.885705113,0.013,7.082548569,0.0206,0.03,0.2,0.14,0.105399999,0,0.440978,0,207.93,0,581540,0,-0.5612563,41,0.57,1,0.08,0.005,2,0,0.372,0,0,0.52,9.234406675,85.27426664,5.22,0.411,5309,0.028065501,0.928,0.212,120,0.1,1,0,15.65970734,0,0,-0.011247791,0.206896552,0.8768,0.48897,0,0,0,0.1242512
BEL,Belgium,0.0268,50.837,190,0.36383442,0,0,0.988,1,0,0,3.5857,420.7111,161.5809,0.00249368,0,5,0,1,0.80602932,0.035,8.611593867,0.046300001,0.03,0.15,0.11,0.029699998,0.09,0.976214,0,69.91,0,32820,0,-4.60517,69.7,0.99,0,0,0,0,0,0.974,0,0.345,1,4.838404711,23.41016015,1,0.235200003,9153,0.1196329,0.238,0.001,100,0,0,1,17.73343084,0,0,-0.000692569,0.572413793,0,0,0,0,0.78,0
ITA,Italy,0.0298,45.415,1270,0.03886815,0,0,0.996,0.833333313,0,0,5.8578,169.9543,202.5813,0.0047319,0,3,0,1,0.902597368,0.032000002,8.425954711,0.030300001,0.02,0.15,0.13,0.071699998,0.07,0.992022,0,55.6,0,294060,0,3.002363,69.4,0.86,0,0,0,0,0,0.3275,0,0.006,1,8.751708952,76.59240958,1.22,0.249300003,50200,0.093107603,0.168,0.001,92,0.04,0,1,19.24972502,0,0,-0.022858866,0.703448276,0,0,0,0,0.8,0
NPL,Nepal,0.0158,27.712,5160,0.45,0,0.050000001,0,0.333333343,0,0,14.547,0,75.83333,0.02389093,0,5,0,0,1.844984293,0.005,6.442540166,0.0048,0.03,0.03,0.27,0.2552,0.01,0.6334,0.77,78.35,0,136800,1,-4.60517,38.5,0,0.04617,0,0.01,0,0,0.1495,0,0,0.1,8.397478486,70.51764492,4.33,0.384499997,9404,0.039238598,0.649,0,73,0.08,0,0,15.59143058,0,0,-0.0086,0.027586207,0,0,0,0,0.09,0.0549556
HKG,Hong Kong,0.0594,22.704,2940,0.23682118,1,0.300000012,0.01,0.833333313,1,0.300000012,0.322,3729.293,0,0.02176398,1,5,0,0,1.243866444,0.004,7.717351272,0.016799999,0.02,0.08,0.04,0.0162,0.04,0.80589,0.001,70.6,0,990,0,-4.60517,66,1,0.046,0,0.003,0,0,1.693,0,0.98000002,0.87,6.209206581,38.55424637,3.61,0.408899993,3075,0.0279675,0.041,0.012,116,0,0,1,15.74841145,0,0,0.0174,0,1,0,0,0,1,0
KEN,Kenya,0.0106,0.513,6650,0.82696485,1,0,0.001,0.5,1,0,68.3077,13.07549,17.49389,0.03565365,0,5,0,0,2.079441547,0.003,6.490723535,0.0361,0.04,0.16,0.15,0.1119,0,0.920864,0.005,55.74,0,569140,0,-4.60517,45,0.08,0.98,0,0.034,2,0,0.606,0,0,0.47,8.173029653,66.7984137,5.33,0.497,8332,0.0411666,0.874,0.001,131,0.05,1,1,15.51858234,0,0,-0.019574456,0.317241379,1,0.9352,0,0,0.04,0.4014696
NLD,Netherlands,0.024,51.874,140,0.06343537,0,0,0.356,1,0,0,2.9547,353.6062,414.5556,0.00853974,0,4,0,1,0.915490448,0.044,8.712266432,0.041200001,0.07,0.16,0.15,0.067799999,0.13,0.499461,0,63.92,0,33920,0,6.100271,73.3,1,0,0.03,0,0,0,0.8505,0,0,1,4.487562055,20.1382132,1,0.3,11480,0.090069696,0.433,0.61,105,0,0,1,18.0606281,0,0,-0.008847564,0.634482759,0,0,0,0,0.8,0
CMR,Cameroon,0.0024,10.73,5470,0.85204545,0,0,0.001,0.5,1,0,87.8611,19.58585,11.87936,0.02634325,0,5,0,0,1.740466237,0.024,6.463029457,0.0221,0.04,0.16,0.19,0.1439,0,0.899314,0,139.59,0,465400,0,3.888269,43.4,0.13,1,0.09,0.05,2,0,0.4345,0,0.007,0.65,6.888900542,47.45695068,6.06,0.405200005,5297,0.0347366,0.915,0.002,187,0.08,1,1,15.03792536,0,0,0.013976187,0.324137931,1,0.8641,0,0,0.16,0.2409442
SGP,Singapore,0.0691,1.355,5300,0.3215287,1,0.460000008,0.022,0.333333343,1,0.150000006,0.3733,3081.967,0,0.01685737,1,4,0.09,0,1.232560277,0.003,7.413367336,0.033399999,0.05,0.12,0.08,0.043600001,0.06,0.328758,0.075,86.98,0,610,0,-4.60517,63.7,1,0,0,0.22,2,0,2.461,0,0.713,1,3.425439618,11.73363658,4.5,0.432200015,1634,0.020807801,0.695,0.018,87,0,0,1,14.81215361,0,0,0.019400001,0.144827586,1,0,0,0,1,1
ZMB,Zambia,-0.0188,12.942,7820,0.82939767,1,0,0.001,0.333333343,1,0,236.673,0,4.861513,0.03339606,0,1,0,0,1.90106225,0.015,6.872128101,0.015900001,0.24,0.22,0.22,0.184099999,0,0.996006,0,48.33,0,743390,1,-4.60517,41.8,0,1,0.2,0,2,0,0.89,0,0,0.42,17.39972522,302.7504379,5.11,0.451799989,3141,0.023559401,0.998,0.001,206,0.05,1,1,14.9244246,0,0,-0.031845365,0.262068966,1,1,0,0,0.04,0.0248996
CAN,Canada,0.0221,43.727,540,0.37618758,1,0,0.416,1,1,0,514.8791,13.4373,1.889658,0.01342323,0,5,0.61,1,0.842859507,0.039999999,8.889859588,0.036499999,0.03,0.17,0.13,0.053500001,0.16,0.496884,0,103.62,0,9220970,0,5.946301,71.1,0.05,0,0.03,0,0,0,0.4305,0.003,0.243,1,5.395501231,29.11143354,1,0.335399985,17909,0.074990198,0.488,0.569,83,0,0,1,18.68291825,0,0,0.01463953,0.186206897,0,0,0,0,0.96,0
BOL,Bolivia,0.0035,15.19,6500,0.59941176,0,0,0.936,0.5,1,0,316.3302,0,3.456353,0.02513803,0,3,0,0,1.87610054,0.016000001,7.045776577,0.015799999,0.05,0.1,0.15,0.1212,0.04,0.880192,0,38.01,1,1084380,1,4.301883,42.8,0.02,0.01089,0.08,0,0,0,0.5395,0,0.37200001,0.64,46.5771464,2169.430567,4.11,0.42809999,3428,0.031796999,0.969,0,181,1.19,0,0,15.18550886,0,1,0.015762903,0.296551724,1,1,0,0,0.73,0.2040449
COG,Congo,0.0151,3.684,6330,0.66927536,0,0,0.025,0,1,0,345.6478,12.39925,2.793233,0.02747309,0,1,0,0,1.771896839,0.025,7.023758955,0.031099999,0.04,0.18,0.32,0.2669,0,0.95125,0,143,0,341500,0,5.679245,47.3,0.05,1,0.17,0,2,0,0.883,0,0,0.78,5.344503171,28.56371415,6.56,0.408199996,988,0.034412999,0.71,0,191,0.36,1,1,13.91944165,1,0,0.016126819,0.117241379,1,0.862,0,0,0,0.0275564
SYR,Syria,0.029,33.458,3290,0.09479197,0,0,0.103,0,1,0,40.2938,62.65871,23.97632,0.0334147,0,1,0,0,2.041869402,0.075000003,7.362010551,0.030400001,0.09,0.15,0.1,0.01,0.04,0.704255,0,43.68,0,183780,0,5.134337,50,0.14,0.0644,0.08,0.831,2,0,0.4095,0.081,0.79799998,0.65,10.45873036,109.3850408,5.83,0.444099993,4561,0.037930299,0.906,0.054,78,0.85,0,0,15.78730773,1,0,0.029546425,0.317241379,0,0,0.08,1,0.33,0
JPN,Japan,0.0467,35.712,140,0.00988028,0,0.870000005,0.004,1,0,0,4.0014,272.176,113.0167,0.00946822,1,5,0,0,0.739076078,0.01,7.990915463,0.0317,0.07,0.1,0.12,0.0803,0.09,0.671693,0,75.02,0,376520,0,0.1145113,67.7,0.94,0,0,0,0,0,0.205,0.001,0,1,5.4221037,29.39920853,1.44,0.302300006,94096,0.057356302,0.067,0.006,118,0,0,1,19.44298628,0,0,-0.019352168,0.275862069,0,0,0,0,0.73,0
BDI,Burundi,0.0046,3.365,6600,0.01333333,0,0,0,0,1,0,8.711,0,125.1168,0.02027949,0,4,0,0,1.857235074,0.014,6.461468176,0.018300001,0.03,0.04,0.04,0.01,0,0.996008,0,114.67,0,25680,1,-4.60517,41.8,0,1,0.01,0.002,2,0,0.2215,0,0,0.18,7.299186382,53.27812185,6.83,0.404700011,2948,0.03019,0.977,0,167,0.39,1,0,14.45035043,0,0,-0.069200002,0.15862069,1,1,0.04,1,0,0
PHL,Philippines,0.013,13.922,3010,0.7238207,0,0.02,0.73,0.166666672,1,0,10.8185,107.5375,26.15232,0.02749588,1,3,0,0,1.854264617,0.013,7.032624261,0.0233,0.02,0.11,0.14,0.1047,0.13,0.587954,0,89.45,0,298170,0,2.000767,53.1,1,0.48743,0.02,0.035,2,0,0.3945,0,0.012,0.95,10.77909792,116.1889521,4.28,0.469599992,27561,0.030441601,0.924,0,92,0.44,0,0,17.25678127,0,0,-0.026826397,0.15862069,1,7e-04,0.36,1,0.16,0.3255408
DEU,Germany,0.0257,48.161,240,0.04375527,0,0,0.47,1,0,0,6.3008,120.6083,239.8791,0.00290832,0,5,0,1,0.734768867,0.045000002,8.790269111,0.0211,0.04,0.17,0.15,0.083899999,0.06,0.484274,0,66.44,0,349270,0,2.870741,69.4,0.94,0,0,0,0,0,0.3965,0,0.949,1,3.49356456,12.20499334,1,0.213300005,55433,0.1084553,0.109,0.513,109,0.08,0,1,19.71319947,0,0,0.00207179,0.482758621,0,0,0,0,0.8,0
COL,Colombia,0.0229,4.788,4030,0.05579602,0,0,0.798,0.833333313,1,0,65.1672,30.34203,15.43562,0.02443978,0,3,0,0,1.685101748,0.017000001,7.428927195,0.023,0.05,0.1,0.1,0.059999999,0.02,0.677206,0,61.33,1,1038700,0,4.298068,53.2,0.28,0.26418,0.06,0,0,0,0.2725,0,0.98000002,0.77,16.96709519,287.8823191,2.11,0.46329999,15939,0.032185201,0.919,0,81,0,0,0,17.10545141,0,1,0.002061933,0.344827586,1,0.7533,0.32,1,0.09,0.5668132
NZL,New Zealand,0.0107,36.892,9280,0.14756993,1,0,0.142,1,1,0,112.9806,10.12706,2.210206,0.01187142,0,5,0.9,1,1.148988485,0.018999999,8.982184279,0.025599999,0.07,0.14,0.14,0.090400001,0.13,0.724194,0,68.53,0,267990,0,4.682646,71,0.96,0,0.01,0,0,0,0.4735,0,0,1,8.532894651,72.81029113,1,0.328799993,2372,0.086424999,0.89,0.839,101,0,0,0,16.75367304,0,0,-0.042344622,0.386206897,0,0,0,0,0.2,0
LSO,Lesotho,0.0269,29.595,9320,0.2097619,1,0,0.015,0.5,1,0,34.8851,0,31.72982,0.02361016,0,5,0,0,1.757857919,0,5.746203191,0.045899998,0.03,0.11,0.08,0.029100002,0,0.802942,0,71.53,0,30350,1,-4.60517,47.7,0,0,0,0,2,0,0.802,0,0,0.83,8.898934349,79.19103256,5.22,0.405499995,870,0.039080501,0.933,0.094,126,0.05,1,0,12.5146964,0,0,-0.0162,0.075862069,0,0,0,0,0.37,0
IRL,Ireland,0.0373,54.611,800,0.09035714,1,0,0.896,0.833333313,1,0,24.3084,42.4618,34.21706,0.00897543,0,5,0.74,1,1.348073125,0.014,8.105005538,0.0286,0.04,0.15,0.14,0.0964,0.08,0.813426,0,67.58,0,68890,0,2.718957,69.7,0.91,0,0.01,0,1,0,0.823,0,0,1,8.290560544,68.73339413,1,0.311100006,2834,0.111855999,0.593,0.103,119,0,0,1,16.05444996,0,0,0.002460577,0.406896552,0,0,0,0,0.64,0
AUT,Austria,0.0289,48.231,840,0.03321225,0,0,0.944,1,0,0,11.7381,66.78308,88.04961,0.00236847,0,4,0,1,0.858237803,0.012,8.545391846,0.024800001,0.04,0.15,0.15,0.114199999,0.08,0.89265,0,74.54,0,82730,1,2.858482,68.8,0.62,0,0,0,1,0,0.565,0.023,0.98000002,1,4.349913293,18.92174566,1,0.221300006,7048,0.120459698,0.198,0.027,100,0,0,0,17.40589101,0,0,0.001529612,0.324137931,0,0,0,0,0.78,0
TZA,Tanzania,0.0038,2.154,7340,0.89024691,1,0,0.018,0.166666672,1,0,88.1299,25.41653,12.16442,0.03354528,0,0,0,0,1.865009904,0.018999999,5.765191103,0.0265,0.08,0.13,0.27,0.219500001,0,0.824286,0.001,107.24,0,883590,0,2.705357,40.6,0.09,0.98,0,0.07,2,0,0.5535,0,0,0.25,13.49583138,182.1374646,6,0.458900005,10026,0.0286256,0.872,0.006,216,0.05,1,0,14.9781281,0,0,0,0.262068966,1,0.8399,0.08,1,0,0.072123
EGY,Egypt,0.0245,29.996,3250,0.02306182,1,0,0.072,0.166666672,1,0,38.4017,64.09662,21.52594,0.02379224,0,1,0,0,1.802369714,0.061999999,6.695798917,0.045000002,0.01,0.21,0.28,0.176999999,0.05,0.67591,0,287.27,0,995450,0,4.374995,46.4,0.39,0.028,0.03,0.811,1,0,0.358,0.066,0.97000003,0.66,9.214770546,84.91199621,5.11,0.424299985,25922,0.0328293,0.729,0.114,168,0.16,0,1,16.85864623,0,0,0.010265417,0.406896552,0.1658,0.124875,0.08,1,0,0
MRT,Mauritania,0.0054,17.925,4180,0.27,0,0,0,0.166666672,1,0,1034.5308,2.801948,0.9645831,0.02358584,0,3,0,0,1.871802211,0.026000001,6.65929392,0.0176,0.03,0.29,0.25,0.2094,0,0.955058,0,100.39,0,1025220,0,-4.60517,35.3,0.07,0,0.07,0.977,2,0,0.81,0,0.866,0.08,7.346666728,53.97351202,6.33,0.435699999,991,0.0282543,0.992,0,198,0.2,1,1,13.55800845,0,0,-0.038395897,0.255172414,0.8225,0.69656,0.44,1,0,0.1891727
SWE,Sweden,0.0213,59.278,1200,0.06503676,0,0,0,1,0,0,55.0294,43.88341,7.955152,0.00382769,0,4,0,1,0.726098299,0.041000001,8.93485034,0.041200001,0.05,0.2,0.18,0.096799998,0.09,0.976266,0,91.25,0,411620,0,-4.60517,73.2,0.3,0,0,0,0,0,0.4725,0,0,0.96,6.698610447,44.87138193,1.06,0.219899997,7480,0.119652398,0.251,0.988,142,0,0,0,17.85483841,0,0,0.003372483,0.572413793,0,0,0,0,0.78,0
PRY,Paraguay,0.0263,25.583,7580,0.41111111,0,0,0.966,0.166666672,1,0,223.9572,0,5.162346,0.02977306,0,3,0,0,1.793923736,0.017000001,7.070724107,0.0138,0.01,0.09,0.15,0.118199999,0.02,0.934312,0,92.6,1,397300,1,-4.60517,63.9,0.32,0.034,0,0,0,0,0.2995,0,0.036,0.98,11.72571792,137.4924608,4.94,0.460599989,1774,0.0326945,0.911,0,141,0.08,0,0,14.55171627,0,1,-0.028768204,0.234482759,0.5614,0.5,0,0,0.13,0.1502231
IDN,Indonesia,0.0445,6.562,5800,0.69056787,0,0.01,0.001,0.333333343,1,0,18.8325,76.17235,8.972233,0.02188637,1,3,0,0,1.69322741,0.041999999,6.458338283,0.0174,0.05,0.1,0.13,0.0656,0.01,0.380444,0.02,40.19,0,1811570,0,4.00041,41.5,0.75,0.41678,0.12,0.4,2,1,0.298,0,0.009,0.71,36.55125238,1335.994051,5,0.4,96194,0.033359699,0.986,0.012,98,0.28,0,1,17.93246055,0,0,0.073570684,0.068965517,1,0.044,0.04,1,0.56,0.4465247
